Edicao no indice FGV;1a fase cadernos;1a fase gabaritos;2a fase Constitucional cadernos;2a fase Constitucional padroes;Total PDFs incluidos;Observacao
Clique aqui para acessar informações relativas ao 48º EXAME DE ORDEM UNIFICADO;0;0;0;0;0;Nenhum PDF de caderno/gabarito objetivo ou Constitucional foi localizado nesta pagina do arquivo consultado.
Clique aqui para acessar informações relativas ao 47º EXAME DE ORDEM UNIFICADO;4;2;0;0;6;"Somente os PDFs acessiveis no arquivo FGV foram incluidos; confira o indice por arquivo para rotulos e links."
Clique aqui para acessar informações relativas ao 46º EXAME DE ORDEM UNIFICADO;4;2;1;2;9;"Somente os PDFs acessiveis no arquivo FGV foram incluidos; confira o indice por arquivo para rotulos e links."
Clique aqui para acessar informações relativas ao 45º EXAME DE ORDEM UNIFICADO;4;2;1;2;9;"Somente os PDFs acessiveis no arquivo FGV foram incluidos; confira o indice por arquivo para rotulos e links."
Clique aqui para acessar informações relativas ao 44º EXAME DE ORDEM UNIFICADO;4;2;1;2;9;"Somente os PDFs acessiveis no arquivo FGV foram incluidos; confira o indice por arquivo para rotulos e links."
Clique aqui para acessar informações relativas ao 43º EXAME DE ORDEM UNIFICADO;4;2;1;2;9;"Somente os PDFs acessiveis no arquivo FGV foram incluidos; confira o indice por arquivo para rotulos e links."
Clique aqui para acessar informações relativas ao 42º EXAME DE ORDEM UNIFICADO;4;2;1;2;9;"Somente os PDFs acessiveis no arquivo FGV foram incluidos; confira o indice por arquivo para rotulos e links."
Clique aqui para acessar informações relativas ao 41º EXAME DE ORDEM UNIFICADO;4;2;1;2;9;"Somente os PDFs acessiveis no arquivo FGV foram incluidos; confira o indice por arquivo para rotulos e links."
Clique aqui para acessar informações relativas ao 40º EXAME DE ORDEM UNIFICADO;4;2;1;2;9;"Somente os PDFs acessiveis no arquivo FGV foram incluidos; confira o indice por arquivo para rotulos e links."
Clique aqui para acessar informações relativas ao 39º EXAME DE ORDEM UNIFICADO;4;2;1;2;9;"Somente os PDFs acessiveis no arquivo FGV foram incluidos; confira o indice por arquivo para rotulos e links."
Clique aqui para acessar informações relativas ao 38º EXAME DE ORDEM UNIFICADO;4;2;1;2;9;"Somente os PDFs acessiveis no arquivo FGV foram incluidos; confira o indice por arquivo para rotulos e links."
Clique aqui para acessar informações relativas ao 37º EXAME DE ORDEM UNIFICADO;4;2;1;2;9;"Somente os PDFs acessiveis no arquivo FGV foram incluidos; confira o indice por arquivo para rotulos e links."
Clique aqui para acessar informações relativas ao 36º EXAME DE ORDEM UNIFICADO;4;2;1;2;9;"Somente os PDFs acessiveis no arquivo FGV foram incluidos; confira o indice por arquivo para rotulos e links."
Clique aqui para acessar informações relativas ao 35º EXAME DE ORDEM UNIFICADO;4;2;1;2;9;"Somente os PDFs acessiveis no arquivo FGV foram incluidos; confira o indice por arquivo para rotulos e links."
Clique aqui para acessar informações relativas ao XXXIV EXAME DE ORDEM UNIFICADO;4;1;1;2;8;"Somente os PDFs acessiveis no arquivo FGV foram incluidos; confira o indice por arquivo para rotulos e links."
Clique aqui para acessar informações relativas ao XXXIII EXAME DE ORDEM UNIFICADO;4;1;1;2;8;"Somente os PDFs acessiveis no arquivo FGV foram incluidos; confira o indice por arquivo para rotulos e links."
Clique aqui para acessar informações relativas ao XXXII EXAME DE ORDEM UNIFICADO;4;1;1;2;8;"Somente os PDFs acessiveis no arquivo FGV foram incluidos; confira o indice por arquivo para rotulos e links."
Clique aqui para acessar informações relativas ao XXXI EXAME DE ORDEM UNIFICADO;4;1;1;2;8;"Somente os PDFs acessiveis no arquivo FGV foram incluidos; confira o indice por arquivo para rotulos e links."
Clique aqui para acessar informações relativas ao XXX EXAME DE ORDEM UNIFICADO;4;1;1;2;8;"Somente os PDFs acessiveis no arquivo FGV foram incluidos; confira o indice por arquivo para rotulos e links."
Clique aqui para acessar informações relativas ao XXIX EXAME DE ORDEM UNIFICADO;4;1;1;2;8;"Somente os PDFs acessiveis no arquivo FGV foram incluidos; confira o indice por arquivo para rotulos e links."
Clique aqui para acessar informações relativas ao XXVIII EXAME DE ORDEM UNIFICADO;4;1;1;2;8;"Somente os PDFs acessiveis no arquivo FGV foram incluidos; confira o indice por arquivo para rotulos e links."
Clique aqui para acessar informações relativas ao XXVII EXAME DE ORDEM UNIFICADO;4;1;1;2;8;"Somente os PDFs acessiveis no arquivo FGV foram incluidos; confira o indice por arquivo para rotulos e links."
Clique aqui para acessar informações relativas ao XXVI EXAME DE ORDEM UNIFICADO;4;1;1;2;8;"Somente os PDFs acessiveis no arquivo FGV foram incluidos; confira o indice por arquivo para rotulos e links."
Clique aqui para acessar informações relativas ao XXV EXAME DE ORDEM UNIFICADO;4;1;2;4;11;"Somente os PDFs acessiveis no arquivo FGV foram incluidos; confira o indice por arquivo para rotulos e links."
Clique aqui para acessar informações relativas ao XXIV EXAME DE ORDEM UNIFICADO;4;1;1;2;8;"Somente os PDFs acessiveis no arquivo FGV foram incluidos; confira o indice por arquivo para rotulos e links."
Clique aqui para acessar informações relativas ao XXIII EXAME DE ORDEM UNIFICADO;4;1;1;2;8;"Somente os PDFs acessiveis no arquivo FGV foram incluidos; confira o indice por arquivo para rotulos e links."
Clique aqui para acessar informações relativas ao XXII EXAME DE ORDEM UNIFICADO;4;1;1;2;8;"Somente os PDFs acessiveis no arquivo FGV foram incluidos; confira o indice por arquivo para rotulos e links."
Clique aqui para acessar informações relativas ao XXI EXAME DE ORDEM UNIFICADO;4;1;1;2;8;"Somente os PDFs acessiveis no arquivo FGV foram incluidos; confira o indice por arquivo para rotulos e links."
Clique aqui para acessar informações relativas ao XX EXAME DE ORDEM UNIFICADO;8;2;2;4;16;"Somente os PDFs acessiveis no arquivo FGV foram incluidos; confira o indice por arquivo para rotulos e links."
Clique aqui para acessar informações relativas ao XIX EXAME DE ORDEM UNIFICADO;4;1;1;2;8;"Somente os PDFs acessiveis no arquivo FGV foram incluidos; confira o indice por arquivo para rotulos e links."
Clique aqui para acessar informações relativas ao XVIII EXAME DE ORDEM UNIFICADO;4;1;1;2;8;"Somente os PDFs acessiveis no arquivo FGV foram incluidos; confira o indice por arquivo para rotulos e links."
Clique aqui para acessar informações relativas ao XVII EXAME DE ORDEM UNIFICADO;4;2;1;2;9;"Somente os PDFs acessiveis no arquivo FGV foram incluidos; confira o indice por arquivo para rotulos e links."
Clique aqui para acessar informações relativas ao XVI EXAME DE ORDEM UNIFICADO;4;2;1;2;9;"Somente os PDFs acessiveis no arquivo FGV foram incluidos; confira o indice por arquivo para rotulos e links."
Clique aqui para acessar informações relativas ao XV EXAME DE ORDEM UNIFICADO;0;0;1;1;2;"Somente os PDFs acessiveis no arquivo FGV foram incluidos; confira o indice por arquivo para rotulos e links."
Clique aqui para acessar informações relativas ao XIV EXAME DE ORDEM UNIFICADO;0;0;0;0;0;Nenhum PDF de caderno/gabarito objetivo ou Constitucional foi localizado nesta pagina do arquivo consultado.
Clique aqui para acessar informações relativas ao XIII EXAME DE ORDEM UNIFICADO;0;0;0;1;1;"Somente os PDFs acessiveis no arquivo FGV foram incluidos; confira o indice por arquivo para rotulos e links."
Clique aqui para acessar informações relativas ao XII EXAME DE ORDEM UNIFICADO;0;0;0;1;1;"Somente os PDFs acessiveis no arquivo FGV foram incluidos; confira o indice por arquivo para rotulos e links."
Clique aqui para acessar informações relativas ao XI EXAME DE ORDEM UNIFICADO;0;0;0;0;0;Nenhum PDF de caderno/gabarito objetivo ou Constitucional foi localizado nesta pagina do arquivo consultado.
Clique aqui para acessar informações relativas ao X EXAME DE ORDEM UNIFICADO;0;0;0;0;0;Nenhum PDF de caderno/gabarito objetivo ou Constitucional foi localizado nesta pagina do arquivo consultado.
Clique aqui para acessar informações relativas ao IX EXAME DE ORDEM UNIFICADO;0;0;0;0;0;Nenhum PDF de caderno/gabarito objetivo ou Constitucional foi localizado nesta pagina do arquivo consultado.
Clique aqui para acessar informações relativas ao VIII EXAME DE ORDEM UNIFICADO;0;0;0;0;0;Nenhum PDF de caderno/gabarito objetivo ou Constitucional foi localizado nesta pagina do arquivo consultado.
Clique aqui para acessar informações relativas ao VII EXAME DE ORDEM UNIFICADO;4;1;0;0;5;"Somente os PDFs acessiveis no arquivo FGV foram incluidos; confira o indice por arquivo para rotulos e links."
Clique aqui para acessar informações relativas ao VI EXAME DE ORDEM UNIFICADO;0;0;0;0;0;Nenhum PDF de caderno/gabarito objetivo ou Constitucional foi localizado nesta pagina do arquivo consultado.
Clique aqui para acessar informações relativas ao V EXAME DE ORDEM UNIFICADO;0;0;0;0;0;Nenhum PDF de caderno/gabarito objetivo ou Constitucional foi localizado nesta pagina do arquivo consultado.
Clique aqui para acessar informações relativas ao IV EXAME DE ORDEM UNIFICADO;0;0;0;0;0;Nenhum PDF de caderno/gabarito objetivo ou Constitucional foi localizado nesta pagina do arquivo consultado.
Clique aqui para acessar informações relativas ao EXAME DE ORDEM UNIFICADO 2010.3;0;0;0;0;0;"FGV/MG listava a edicao, mas a pagina devolveu “Nao foi possivel carregar arquivos”; sem PDF incluido."
Clique aqui para acessar informações relativas ao EXAME DE ORDEM UNIFICADO 2010.2;8;0;1;1;10;"Somente os PDFs acessiveis no arquivo FGV foram incluidos; confira o indice por arquivo para rotulos e links."
